{
	"class_name" : "PinholeCameraParameters",
	"extrinsic" : 
	[
		-0.19823212623791994,
		-0.97305785132082045,
		-0.11773887255321309,
		0.0,
		-0.31740042527422546,
		0.17737809706175522,
		-0.93155460426026104,
		0.0,
		0.92734081877319208,
		-0.14729368168953796,
		-0.34401101315424026,
		0.0,
		4.4408920985006262e-16,
		0.0,
		5.7617326148202537,
		1.0
	],
	"intrinsic" : 
	{
		"height" : 1080,
		"intrinsic_matrix" : 
		[
			935.30743608719399,
			0.0,
			0.0,
			0.0,
			935.30743608719399,
			0.0,
			959.5,
			539.5,
			1.0
		],
		"width" : 1920
	},
	"version_major" : 1,
	"version_minor" : 0
}