{
	"class_name" : "PinholeCameraParameters",
	"extrinsic" : 
	[
		-0.74148257364282966,
		-0.36665207097302099,
		0.56193402800969505,
		0.0,
		-0.62909942258377838,
		0.088673728029358384,
		-0.77225053348128692,
		0.0,
		0.23331847224076055,
		-0.9261226856138286,
		-0.29641063021198699,
		0.0,
		1.1102230246251565e-16,
		-2.2204460492503131e-16,
		5.7183560919565855,
		1.0
	],
	"intrinsic" : 
	{
		"height" : 1080,
		"intrinsic_matrix" : 
		[
			935.30743608719399,
			0.0,
			0.0,
			0.0,
			935.30743608719399,
			0.0,
			959.5,
			539.5,
			1.0
		],
		"width" : 1920
	},
	"version_major" : 1,
	"version_minor" : 0
}